line_item_id,count,total_sum,product_name
339,1,139.74,Wooden Shoes
514,1,8.22,Wooden Shoes
494,1,139.74,Wooden Shoes
982,1,57.540000000000006,Wooden Shoes
716,1,115.08000000000001,Wooden Shoes
469,1,131.52,Wooden Shoes
328,1,73.98,Wooden Shoes
331,1,164.4,Wooden Shoes
1023,1,139.74,Wooden Shoes
337,1,8.22,Wooden Shoes
58,1,41.1,Wooden Shoes
507,1,49.32000000000001,Wooden Shoes
937,1,164.4,Wooden Shoes
924,1,65.76,Wooden Shoes
834,1,131.52,Wooden Shoes
93,1,49.32000000000001,Wooden Shoes
597,1,106.86000000000001,Wooden Shoes
1004,1,24.660000000000004,Wooden Shoes
387,1,106.86000000000001,Wooden Shoes
1104,1,49.32000000000001,Wooden Shoes
49,1,95.76,Wooden Mouse
212,1,75.6,Wooden Mouse
258,1,95.76,Wooden Mouse
629,1,80.64,Wooden Mouse
978,1,15.120000000000001,Wooden Mouse
704,1,25.2,Wooden Mouse
166,1,100.8,Wooden Mouse
951,1,25.2,Wooden Mouse
802,1,70.56,Wooden Mouse
94,1,70.56,Wooden Mouse
912,1,10.08,Wooden Mouse
854,1,20.16,Wooden Mouse
563,1,45.36,Wooden Mouse
878,1,5.04,Wooden Mouse
1025,1,35.28,Wooden Mouse
1029,1,65.52,Wooden Mouse
1068,1,40.32,Wooden Mouse
301,1,75.6,Wooden Mouse
541,1,0.83,Unbranded Wooden Keyboard
767,1,9.129999999999999,Unbranded Wooden Keyboard
502,1,13.28,Unbranded Wooden Keyboard
981,1,3.32,Unbranded Wooden Keyboard
743,1,15.77,Unbranded Wooden Keyboard
972,1,4.1499999999999995,Unbranded Wooden Keyboard
36,1,13.28,Unbranded Wooden Keyboard
342,1,8.299999999999999,Unbranded Wooden Keyboard
27,1,9.959999999999999,Unbranded Wooden Keyboard
825,1,2.4899999999999998,Unbranded Wooden Keyboard
125,1,11.62,Unbranded Wooden Keyboard
357,1,12.45,Unbranded Wooden Keyboard
836,1,11.62,Unbranded Wooden Keyboard
390,1,14.94,Unbranded Wooden Keyboard
866,1,12.45,Unbranded Wooden Keyboard
306,1,14.11,Unbranded Wooden Keyboard
747,1,9.129999999999999,Unbranded Wooden Keyboard
644,1,9.129999999999999,Unbranded Wooden Keyboard
616,1,8.299999999999999,Unbranded Wooden Keyboard
266,1,6.64,Unbranded Wooden Keyboard
607,1,11.62,Unbranded Wooden Keyboard
385,1,9.129999999999999,Unbranded Wooden Keyboard
815,1,120.84,Unbranded Wooden Hat
752,1,69.96000000000001,Unbranded Wooden Hat
861,1,25.44,Unbranded Wooden Hat
221,1,38.160000000000004,Unbranded Wooden Hat
843,1,101.76,Unbranded Wooden Hat
921,1,44.52,Unbranded Wooden Hat
589,1,44.52,Unbranded Wooden Hat
380,1,12.72,Unbranded Wooden Hat
778,1,69.96000000000001,Unbranded Wooden Hat
12,1,114.48,Unbranded Wooden Hat
473,1,127.2,Unbranded Wooden Hat
974,1,120.84,Unbranded Wooden Hat
520,1,101.76,Unbranded Wooden Hat
127,1,68.04,Unbranded Chicken
579,1,68.04,Unbranded Chicken
888,1,9.72,Unbranded Chicken
874,1,77.76,Unbranded Chicken
864,1,43.74,Unbranded Chicken
63,1,43.74,Unbranded Chicken
907,1,29.160000000000004,Unbranded Chicken
408,1,53.46,Unbranded Chicken
1057,1,14.580000000000002,Unbranded Chicken
353,1,82.62,Unbranded Chicken
10,1,87.48,Unbranded Chicken
538,1,34.02,Unbranded Chicken
170,1,97.2,Unbranded Chicken
618,1,77.76,Unbranded Chicken
932,1,97.2,Unbranded Chicken
971,1,77.76,Unbranded Chicken
169,1,92.34,Unbranded Chicken
755,1,82.62,Unbranded Chicken
454,1,68.04,Unbranded Chicken
1006,1,53.46,Unbranded Chicken
155,1,4.86,Unbranded Chicken
107,1,68.04,Unbranded Chicken
15,1,29.160000000000004,Unbranded Chicken
807,1,72.9,Unbranded Chicken
261,1,194.4,Tuna
153,1,29.160000000000004,Tuna
567,1,145.8,Tuna
211,1,194.4,Tuna
274,1,116.64000000000001,Tuna
424,1,58.32000000000001,Tuna
134,1,136.08,Tuna
521,1,58.32000000000001,Tuna
706,1,136.08,Tuna
1083,1,165.24,Tuna
56,1,155.52,Tuna
1063,1,38.88,Tuna
23,1,106.92,Tuna
330,1,12.450000000000001,Tasty Pizza
415,1,49.800000000000004,Tasty Pizza
414,1,83.0,Tasty Pizza
656,1,53.95,Tasty Pizza
269,1,12.450000000000001,Tasty Pizza
814,1,83.0,Tasty Pizza
639,1,62.25000000000001,Tasty Pizza
1042,1,83.0,Tasty Pizza
294,1,12.450000000000001,Tasty Pizza
400,1,12.450000000000001,Tasty Pizza
623,1,78.85000000000001,Tasty Pizza
1051,1,29.050000000000004,Tasty Pizza
316,1,53.95,Tasty Pizza
776,1,4.15,Tasty Pizza
319,1,74.7,Tasty Pizza
393,1,62.25000000000001,Tasty Pizza
891,1,20.75,Tasty Pizza
605,1,45.650000000000006,Tasty Pizza
647,1,16.6,Tasty Pizza
979,1,24.03,Table
808,1,2.67,Table
788,1,34.71,Table
525,1,32.04,Table
197,1,16.02,Table
270,1,18.689999999999998,Table
120,1,48.06,Table
406,1,53.4,Table
828,1,8.01,Table
403,1,37.379999999999995,Table
126,1,42.72,Table
237,1,29.369999999999997,Table
396,1,2.67,Table
610,1,40.05,Table
612,1,18.689999999999998,Table
587,1,24.03,Table
370,1,21.36,Table
307,1,107.0,Steel Sausages
763,1,80.25,Steel Sausages
622,1,5.35,Steel Sausages
2,1,107.0,Steel Sausages
191,1,64.19999999999999,Steel Sausages
225,1,107.0,Steel Sausages
54,1,101.64999999999999,Steel Sausages
220,1,90.94999999999999,Steel Sausages
315,1,96.3,Steel Sausages
604,1,80.25,Steel Sausages
401,1,101.64999999999999,Steel Sausages
89,1,96.3,Steel Sausages
413,1,58.849999999999994,Steel Sausages
1076,1,32.099999999999994,Steel Sausages
365,1,64.19999999999999,Steel Sausages
821,1,69.55,Steel Sausages
939,1,85.6,Steel Sausages
1044,1,4.96,Steel Mouse
308,1,4.96,Steel Mouse
98,1,21.08,Steel Mouse
994,1,8.68,Steel Mouse
187,1,12.4,Steel Mouse
678,1,18.6,Steel Mouse
194,1,11.16,Steel Mouse
1019,1,6.2,Steel Mouse
734,1,7.4399999999999995,Steel Mouse
279,1,8.68,Steel Mouse
564,1,14.879999999999999,Steel Mouse
779,1,17.36,Steel Mouse
254,1,3.7199999999999998,Steel Mouse
1020,1,23.56,Steel Mouse
966,1,3.7199999999999998,Steel Mouse
333,1,13.64,Steel Mouse
601,1,8.68,Steel Mouse
318,1,4.96,Steel Mouse
465,1,12.4,Steel Mouse
753,1,11.16,Steel Mouse
241,1,13.64,Steel Mouse
775,1,12.4,Steel Mouse
760,1,19.84,Steel Mouse
657,1,74.2,Steel Computer
461,1,29.68,Steel Computer
537,1,37.1,Steel Computer
893,1,103.88,Steel Computer
430,1,96.46,Steel Computer
701,1,126.14,Steel Computer
504,1,37.1,Steel Computer
363,1,51.94,Steel Computer
48,1,59.36,Steel Computer
858,1,118.72,Steel Computer
650,1,91.8,Steel Car
955,1,156.06,Steel Car
654,1,100.97999999999999,Steel Car
421,1,55.08,Steel Car
641,1,128.51999999999998,Steel Car
388,1,100.97999999999999,Steel Car
263,1,183.6,Steel Car
325,1,91.8,Steel Car
539,1,128.51999999999998,Steel Car
326,1,55.08,Steel Car
817,1,64.25999999999999,Steel Car
397,1,27.54,Steel Car
439,1,45.9,Steel Car
853,1,110.16,Steel Car
1009,1,183.6,Steel Car
953,1,64.25999999999999,Steel Car
45,1,119.34,Steel Car
1078,1,91.8,Steel Car
262,1,7.24,Soft Pizza
91,1,12.67,Soft Pizza
904,1,10.86,Soft Pizza
249,1,25.34,Soft Pizza
449,1,16.29,Soft Pizza
429,1,19.91,Soft Pizza
1045,1,32.58,Soft Pizza
759,1,3.62,Soft Pizza
21,1,1.81,Soft Pizza
967,1,18.1,Soft Pizza
603,1,28.96,Soft Pizza
500,1,27.150000000000002,Soft Pizza
729,1,30.77,Soft Pizza
797,1,19.91,Soft Pizza
343,1,21.72,Soft Pizza
344,1,5.43,Soft Pizza
941,1,19.91,Soft Pizza
698,1,28.96,Soft Pizza
673,1,21.72,Soft Pizza
515,1,81.72,Small Shirt
512,1,74.91,Small Shirt
549,1,61.29,Small Shirt
1012,1,61.29,Small Shirt
1055,1,13.62,Small Shirt
447,1,61.29,Small Shirt
284,1,27.24,Small Shirt
545,1,88.53,Small Shirt
386,1,81.72,Small Shirt
106,1,54.48,Small Shirt
606,1,34.05,Small Shirt
733,1,20.43,Small Shirt
634,1,54.48,Small Shirt
768,1,68.1,Small Shirt
181,1,68.1,Small Shirt
180,1,129.39,Small Shirt
195,1,88.53,Small Shirt
425,1,10.72,Small Fish
300,1,9.38,Small Fish
938,1,4.0200000000000005,Small Fish
671,1,6.7,Small Fish
130,1,21.44,Small Fish
672,1,8.040000000000001,Small Fish
35,1,6.7,Small Fish
675,1,8.040000000000001,Small Fish
1031,1,26.8,Small Fish
201,1,12.06,Small Fish
409,1,5.36,Small Fish
62,1,13.4,Small Fish
536,1,10.72,Small Fish
1088,1,24.12,Small Fish
193,1,16.080000000000002,Small Fish
239,1,21.44,Small Fish
712,1,14.74,Small Fish
1102,1,21.44,Small Fish
489,1,9.38,Small Fish
973,1,17.42,Small Fish
338,1,14.74,Small Fish
156,1,20.1,Small Fish
962,1,14.74,Small Fish
71,1,18.76,Small Fish
55,1,14.74,Small Fish
746,1,14.74,Small Fish
609,1,12.06,Small Fish
989,1,21.44,Small Fish
40,1,25.46,Small Fish
592,1,13.4,Small Fish
799,1,180.6,Sleek Granite Car
474,1,153.51,Sleek Granite Car
495,1,63.209999999999994,Sleek Granite Car
74,1,63.209999999999994,Sleek Granite Car
950,1,162.54,Sleek Granite Car
986,1,45.15,Sleek Granite Car
293,1,180.6,Sleek Granite Car
1070,1,180.6,Sleek Granite Car
196,1,63.209999999999994,Sleek Granite Car
526,1,126.41999999999999,Sleek Granite Car
550,1,72.24,Sleek Granite Car
372,1,63.209999999999994,Sleek Granite Car
988,1,162.54,Sleek Granite Car
1101,1,27.089999999999996,Sleek Granite Car
231,1,144.48,Sleek Granite Car
255,1,162.54,Sleek Granite Car
927,1,90.3,Sleek Granite Car
848,1,126.41999999999999,Sleek Granite Car
467,1,78.4,Sleek Concrete Cheese
376,1,78.4,Sleek Concrete Cheese
96,1,19.6,Sleek Concrete Cheese
1061,1,7.84,Sleek Concrete Cheese
571,1,7.84,Sleek Concrete Cheese
233,1,62.72,Sleek Concrete Cheese
765,1,66.64,Sleek Concrete Cheese
146,1,35.28,Sleek Concrete Cheese
171,1,47.04,Sleek Concrete Cheese
42,1,54.879999999999995,Sleek Concrete Cheese
76,1,11.76,Sleek Concrete Cheese
38,1,27.439999999999998,Sleek Concrete Cheese
1050,1,43.12,Sleek Concrete Cheese
311,1,23.52,Sleek Concrete Cheese
298,1,58.8,Sleek Concrete Cheese
136,1,19.6,Sleek Concrete Cheese
914,1,62.72,Sleek Concrete Cheese
1079,1,31.36,Sleek Concrete Cheese
503,1,50.96,Sleek Concrete Cheese
88,1,43.12,Sleek Concrete Cheese
423,1,47.04,Sleek Concrete Cheese
826,1,99.82,Shoes
822,1,42.78,Shoes
133,1,121.21,Shoes
445,1,21.39,Shoes
869,1,42.78,Shoes
949,1,106.95,Shoes
840,1,121.21,Shoes
102,1,92.69,Shoes
121,1,57.04,Shoes
602,1,71.3,Shoes
532,1,92.69,Shoes
710,1,28.52,Shoes
527,1,42.78,Shoes
285,1,128.34,Shoes
559,1,99.82,Shoes
643,1,142.6,Shoes
627,1,106.95,Shoes
1003,1,7.13,Shoes
566,1,78.42999999999999,Shoes
468,1,114.08,Shoes
581,1,78.42999999999999,Shoes
761,1,106.95,Shoes
1049,1,92.69,Shoes
624,1,2.99,Shirt
620,1,2.5300000000000002,Shirt
833,1,1.1500000000000001,Shirt
404,1,0.23,Shirt
691,1,0.92,Shirt
872,1,0.6900000000000001,Shirt
1069,1,2.7600000000000002,Shirt
961,1,2.0700000000000003,Shirt
309,1,4.140000000000001,Shirt
780,1,1.84,Shirt
431,1,1.3800000000000001,Shirt
434,1,3.91,Shirt
511,1,0.6900000000000001,Shirt
700,1,27.1,Sausages
732,1,37.94,Sausages
1066,1,34.11,Sausages
614,1,86.72,Sausages
756,1,102.98,Sausages
990,1,10.84,Sausages
485,1,92.14,Sausages
862,1,53.06,Sausages
631,1,45.480000000000004,Sausages
565,1,11.370000000000001,Sausages
398,1,10.84,Sausages
659,1,59.62,Sausages
818,1,7.58,Sausages
543,1,37.94,Sausages
1100,1,68.22,Sausages
725,1,108.4,Sausages
722,1,27.1,Sausages
772,1,49.27,Sausages
556,1,41.69,Sausages
1109,1,3.79,Sausages
268,1,65.03999999999999,Sausages
119,1,10.84,Sausages
364,1,53.06,Sausages
303,1,48.78,Sausages
200,1,64.43,Sausages
245,1,65.03999999999999,Sausages
252,1,49.27,Sausages
135,1,75.88,Sausages
281,1,5.42,Sausages
152,1,11.370000000000001,Sausages
215,1,108.4,Sausages
351,1,37.9,Sausages
327,1,5.42,Sausages
354,1,30.32,Sausages
73,1,3.71,Salad
183,1,7.42,Salad
586,1,0.53,Salad
830,1,4.24,Salad
1067,1,6.36,Salad
952,1,10.600000000000001,Salad
232,1,4.7700000000000005,Salad
81,1,10.600000000000001,Salad
850,1,3.18,Salad
320,1,0.53,Salad
310,1,5.83,Salad
87,1,1.59,Salad
206,1,3.18,Salad
312,1,7.42,Salad
873,1,6.890000000000001,Salad
552,1,70.8,Rubber Towels
774,1,94.39999999999999,Rubber Towels
346,1,70.8,Rubber Towels
812,1,89.67999999999999,Rubber Towels
65,1,18.88,Rubber Towels
865,1,33.04,Rubber Towels
297,1,61.36,Rubber Towels
523,1,9.44,Rubber Towels
847,1,51.919999999999995,Rubber Towels
901,1,56.64,Rubber Towels
13,1,94.39999999999999,Rubber Towels
703,1,70.8,Rubber Towels
256,1,23.599999999999998,Rubber Towels
626,1,14.16,Rubber Towels
688,1,51.919999999999995,Rubber Towels
646,1,61.36,Rubber Towels
392,1,66.08,Rubber Towels
726,1,23.599999999999998,Rubber Towels
680,1,89.67999999999999,Rubber Towels
992,1,94.19999999999999,Rubber Mouse
105,1,70.64999999999999,Rubber Mouse
591,1,125.6,Rubber Mouse
786,1,86.35,Rubber Mouse
544,1,109.89999999999999,Rubber Mouse
1043,1,7.85,Rubber Mouse
259,1,141.29999999999998,Rubber Mouse
598,1,149.15,Rubber Mouse
669,1,47.099999999999994,Rubber Mouse
1007,1,70.64999999999999,Rubber Mouse
666,1,109.89999999999999,Rubber Mouse
748,1,86.35,Rubber Mouse
350,1,157.0,Rubber Mouse
235,1,125.6,Rubber Mouse
224,1,54.949999999999996,Rubber Mouse
696,1,62.8,Rubber Mouse
694,1,3.78,Refined Cotton Sausages
501,1,3.78,Refined Cotton Sausages
426,1,49.14,Refined Cotton Sausages
964,1,30.24,Refined Cotton Sausages
484,1,15.12,Refined Cotton Sausages
735,1,37.8,Refined Cotton Sausages
355,1,34.019999999999996,Refined Cotton Sausages
909,1,49.14,Refined Cotton Sausages
466,1,3.78,Refined Cotton Sausages
348,1,71.82,Refined Cotton Sausages
479,1,52.919999999999995,Refined Cotton Sausages
477,1,60.48,Refined Cotton Sausages
1038,1,68.03999999999999,Refined Cotton Sausages
108,1,3.78,Refined Cotton Sausages
560,1,100.8,Refined Ball
209,1,113.39999999999999,Refined Ball
272,1,75.6,Refined Ball
576,1,100.8,Refined Ball
805,1,113.39999999999999,Refined Ball
163,1,44.1,Refined Ball
738,1,88.2,Refined Ball
754,1,18.9,Refined Ball
382,1,31.5,Refined Ball
530,1,100.8,Refined Ball
633,1,50.4,Refined Ball
1056,1,44.1,Refined Ball
462,1,107.1,Refined Ball
1036,1,25.2,Refined Ball
463,1,25.2,Refined Ball
1054,1,6.3,Refined Ball
368,1,16.0,Practical Tuna
111,1,7.0,Practical Tuna
667,1,19.0,Practical Tuna
674,1,4.0,Practical Tuna
341,1,8.0,Practical Tuna
899,1,15.0,Practical Tuna
149,1,13.0,Practical Tuna
334,1,19.0,Practical Tuna
44,1,16.0,Practical Tuna
1032,1,11.0,Practical Tuna
175,1,2.0,Practical Tuna
583,1,20.0,Practical Tuna
416,1,7.0,Practical Tuna
621,1,9.0,Practical Tuna
823,1,8.0,Practical Tuna
886,1,12.0,Practical Tuna
896,1,18.0,Practical Tuna
470,1,20.0,Practical Tuna
168,1,53.88,Practical Steel Towels
518,1,76.33,Practical Steel Towels
446,1,22.450000000000003,Practical Steel Towels
7,1,26.94,Practical Steel Towels
203,1,44.900000000000006,Practical Steel Towels
655,1,26.94,Practical Steel Towels
682,1,80.82000000000001,Practical Steel Towels
684,1,44.900000000000006,Practical Steel Towels
638,1,8.98,Practical Steel Towels
82,1,58.370000000000005,Practical Steel Towels
422,1,44.900000000000006,Practical Steel Towels
1041,1,8.98,Practical Steel Towels
619,1,67.35000000000001,Practical Steel Towels
718,1,22.450000000000003,Practical Steel Towels
1093,1,52.980000000000004,Practical Fish
68,1,150.11,Practical Fish
542,1,158.94,Practical Fish
32,1,8.83,Practical Fish
811,1,114.79,Practical Fish
288,1,70.64,Practical Fish
1105,1,158.94,Practical Fish
28,1,123.62,Practical Fish
399,1,97.13,Practical Fish
104,1,141.28,Practical Fish
83,1,44.15,Practical Fish
946,1,97.13,Practical Fish
497,1,158.94,Practical Fish
954,1,97.13,Practical Fish
845,1,158.94,Practical Fish
625,1,112.54,Plastic Pants
478,1,105.92,Plastic Pants
757,1,26.48,Plastic Pants
384,1,86.06,Plastic Pants
1011,1,99.3,Plastic Pants
762,1,79.44,Plastic Pants
20,1,59.58,Plastic Pants
457,1,72.82000000000001,Plastic Pants
889,1,99.3,Plastic Pants
782,1,52.96,Plastic Pants
970,1,13.24,Plastic Pants
510,1,13.24,Plastic Pants
9,1,105.92,Plastic Pants
92,1,66.2,Plastic Pants
114,1,19.86,Plastic Pants
705,1,99.3,Plastic Pants
360,1,33.1,Plastic Pants
198,1,72.82000000000001,Plastic Pants
513,1,33.1,Plastic Pants
635,1,39.72,Plastic Pants
898,1,187.91000000000003,Pants
3,1,108.79,Pants
739,1,69.23,Pants
190,1,49.45,Pants
31,1,9.89,Pants
223,1,19.78,Pants
116,1,98.9,Pants
459,1,197.8,Pants
321,1,168.13,Pants
707,1,89.01,Pants
441,1,168.13,Pants
841,1,138.46,Pants
75,1,29.67,Pants
690,1,9.89,Pants
5,1,69.23,Pants
794,1,108.79,Pants
516,1,79.12,Pants
11,1,49.45,Pants
410,1,61.84,New Fresh Chips
658,1,92.76,New Fresh Chips
188,1,15.46,New Fresh Chips
405,1,7.73,New Fresh Chips
219,1,108.22,New Fresh Chips
251,1,61.84,New Fresh Chips
594,1,100.49000000000001,New Fresh Chips
210,1,100.49000000000001,New Fresh Chips
1095,1,30.92,New Fresh Chips
617,1,115.95,New Fresh Chips
663,1,146.87,New Fresh Chips
998,1,7.73,New Fresh Chips
905,1,54.11,New Fresh Chips
179,1,85.03,New Fresh Chips
829,1,85.03,New Fresh Chips
741,1,23.19,New Fresh Chips
856,1,23.19,New Fresh Chips
758,1,92.76,New Fresh Chips
993,1,7.73,New Fresh Chips
57,1,85.03,New Fresh Chips
1080,1,57.78,Mouse
506,1,141.9,Mouse
131,1,64.2,Mouse
827,1,18.92,Mouse
960,1,102.72,Mouse
123,1,141.9,Mouse
389,1,38.519999999999996,Mouse
846,1,38.519999999999996,Mouse
923,1,96.3,Mouse
851,1,121.98,Mouse
290,1,85.14000000000001,Mouse
216,1,151.36,Mouse
876,1,6.42,Mouse
879,1,113.52000000000001,Mouse
887,1,57.78,Mouse
103,1,70.62,Mouse
668,1,19.259999999999998,Mouse
381,1,121.98,Mouse
185,1,128.4,Mouse
69,1,32.1,Mouse
1052,1,113.52000000000001,Mouse
50,1,6.42,Mouse
472,1,18.92,Mouse
568,1,179.74,Mouse
137,1,94.60000000000001,Mouse
777,1,128.4,Mouse
356,1,77.03999999999999,Mouse
287,1,94.60000000000001,Mouse
809,1,57.78,Mouse
442,1,121.98,Mouse
816,1,75.68,Mouse
139,1,141.9,Mouse
740,1,28.380000000000003,Mouse
165,1,74.4,Licensed Plastic Bike
26,1,139.5,Licensed Plastic Bike
894,1,148.8,Licensed Plastic Bike
4,1,158.10000000000002,Licensed Plastic Bike
922,1,186.0,Licensed Plastic Bike
157,1,186.0,Licensed Plastic Bike
1096,1,9.3,Licensed Plastic Bike
148,1,18.6,Licensed Plastic Bike
959,1,176.70000000000002,Licensed Plastic Bike
711,1,186.0,Licensed Plastic Bike
174,1,37.2,Licensed Plastic Bike
369,1,130.20000000000002,Licensed Plastic Bike
336,1,18.6,Licensed Plastic Bike
517,1,130.20000000000002,Licensed Plastic Bike
240,1,46.5,Licensed Plastic Bike
291,1,83.7,Licensed Plastic Bike
299,1,186.0,Licensed Plastic Bike
275,1,18.6,Licensed Plastic Bike
282,1,111.60000000000001,Licensed Plastic Bike
412,1,186.0,Licensed Plastic Bike
304,1,130.20000000000002,Licensed Plastic Bike
785,1,66.81,Licensed Cheese
292,1,7.86,Licensed Cheese
490,1,47.160000000000004,Licensed Cheese
708,1,70.74000000000001,Licensed Cheese
681,1,70.74000000000001,Licensed Cheese
147,1,23.580000000000002,Licensed Cheese
95,1,19.650000000000002,Licensed Cheese
257,1,19.650000000000002,Licensed Cheese
1002,1,51.09,Licensed Cheese
47,1,47.160000000000004,Licensed Cheese
228,1,35.370000000000005,Licensed Cheese
852,1,35.370000000000005,Licensed Cheese
436,1,3.93,Licensed Cheese
1030,1,74.67,Licensed Cheese
378,1,23.580000000000002,Licensed Cheese
277,1,35.370000000000005,Licensed Cheese
246,1,66.81,Licensed Cheese
448,1,70.74000000000001,Licensed Cheese
118,1,55.02,Licensed Cheese
214,1,62.88,Licensed Cheese
323,1,70.74000000000001,Licensed Cheese
199,1,23.580000000000002,Licensed Cheese
792,1,38.45,Intelligent Chips
975,1,76.9,Intelligent Chips
51,1,123.04,Intelligent Chips
554,1,107.66000000000001,Intelligent Chips
22,1,84.59,Intelligent Chips
529,1,76.9,Intelligent Chips
819,1,138.42000000000002,Intelligent Chips
528,1,153.8,Intelligent Chips
824,1,7.69,Intelligent Chips
731,1,61.52,Intelligent Chips
849,1,38.45,Intelligent Chips
720,1,138.42000000000002,Intelligent Chips
1084,1,38.45,Intelligent Chips
906,1,99.97,Intelligent Chips
1021,1,92.28,Intelligent Chips
611,1,115.35000000000001,Intelligent Chips
665,1,107.66000000000001,Intelligent Chips
1010,1,15.36,Incredible Hat
575,1,5.76,Incredible Hat
890,1,5.76,Incredible Hat
160,1,9.6,Incredible Hat
558,1,24.96,Incredible Hat
72,1,19.2,Incredible Hat
1058,1,19.2,Incredible Hat
548,1,1.92,Incredible Hat
253,1,19.2,Incredible Hat
929,1,28.799999999999997,Incredible Hat
875,1,7.68,Incredible Hat
332,1,21.119999999999997,Incredible Hat
813,1,30.72,Incredible Hat
208,1,7.68,Incredible Hat
685,1,17.28,Incredible Hat
569,1,24.96,Incredible Hat
632,1,15.36,Incredible Hat
934,1,36.48,Incredible Hat
676,1,34.56,Incredible Hat
570,1,32.64,Incredible Hat
260,1,62.28,Hat
728,1,41.519999999999996,Hat
744,1,27.68,Hat
713,1,89.96,Hat
751,1,110.72,Hat
980,1,131.48,Hat
531,1,117.64,Hat
314,1,138.4,Hat
859,1,48.44,Hat
900,1,41.519999999999996,Hat
649,1,131.48,Hat
99,1,48.44,Hat
66,1,34.6,Hat
1048,1,96.88,Hat
803,1,103.8,Hat
795,1,55.36,Hat
969,1,55.36,Hat
820,1,44.75,Handcrafted Wooden Fish
267,1,152.14999999999998,Handcrafted Wooden Fish
132,1,179.0,Handcrafted Wooden Fish
913,1,26.849999999999998,Handcrafted Wooden Fish
798,1,62.64999999999999,Handcrafted Wooden Fish
839,1,26.849999999999998,Handcrafted Wooden Fish
278,1,89.5,Handcrafted Wooden Fish
727,1,35.8,Handcrafted Wooden Fish
737,1,17.9,Handcrafted Wooden Fish
1,1,53.699999999999996,Handcrafted Wooden Fish
371,1,143.2,Handcrafted Wooden Fish
1081,1,35.8,Handcrafted Wooden Fish
1071,1,89.5,Handcrafted Wooden Fish
679,1,107.39999999999999,Handcrafted Wooden Fish
43,1,125.29999999999998,Handcrafted Wooden Fish
1028,1,8.95,Handcrafted Wooden Fish
192,1,170.04999999999998,Handcrafted Wooden Fish
33,1,26.849999999999998,Handcrafted Wooden Fish
17,1,170.04999999999998,Handcrafted Wooden Fish
1026,1,116.35,Handcrafted Wooden Fish
230,1,161.1,Handcrafted Wooden Fish
1094,1,125.29999999999998,Handcrafted Wooden Fish
24,1,24.849999999999998,Handcrafted Hat
1064,1,14.2,Handcrafted Hat
458,1,21.299999999999997,Handcrafted Hat
90,1,17.75,Handcrafted Hat
925,1,46.15,Handcrafted Hat
1046,1,63.9,Handcrafted Hat
770,1,53.25,Handcrafted Hat
930,1,49.699999999999996,Handcrafted Hat
53,1,17.75,Handcrafted Hat
100,1,49.699999999999996,Handcrafted Hat
885,1,10.649999999999999,Handcrafted Hat
1106,1,49.699999999999996,Handcrafted Hat
483,1,17.75,Handcrafted Hat
295,1,49.699999999999996,Handcrafted Hat
895,1,53.25,Handcrafted Hat
996,1,14.2,Handcrafted Hat
831,1,63.9,Handcrafted Hat
910,1,46.15,Handcrafted Hat
773,1,56.8,Handcrafted Hat
916,1,197.0,Gorgeous Salad
1097,1,29.549999999999997,Gorgeous Salad
1099,1,39.4,Gorgeous Salad
367,1,147.75,Gorgeous Salad
926,1,197.0,Gorgeous Salad
486,1,19.7,Gorgeous Salad
493,1,9.85,Gorgeous Salad
687,1,118.19999999999999,Gorgeous Salad
1040,1,187.15,Gorgeous Salad
222,1,98.5,Gorgeous Salad
573,1,147.75,Gorgeous Salad
1018,1,19.7,Gorgeous Salad
944,1,29.379999999999995,Frozen Computer
855,1,20.339999999999996,Frozen Computer
248,1,42.94,Frozen Computer
432,1,38.419999999999995,Frozen Computer
438,1,38.419999999999995,Frozen Computer
420,1,42.94,Frozen Computer
302,1,24.86,Frozen Computer
375,1,29.379999999999995,Frozen Computer
902,1,42.94,Frozen Computer
702,1,13.559999999999999,Frozen Computer
437,1,15.819999999999999,Frozen Computer
588,1,2.26,Frozen Computer
8,1,11.299999999999999,Frozen Computer
574,1,11.299999999999999,Frozen Computer
1077,1,27.119999999999997,Frozen Computer
976,1,38.419999999999995,Frozen Computer
832,1,42.94,Frozen Computer
766,1,18.08,Frozen Computer
440,1,9.04,Frozen Computer
783,1,15.819999999999999,Frozen Computer
227,1,40.67999999999999,Frozen Computer
77,1,88.23,For repair Soft Table
903,1,51.900000000000006,For repair Soft Table
919,1,93.42,For repair Soft Table
1014,1,46.71,For repair Soft Table
1059,1,51.900000000000006,For repair Soft Table
141,1,57.09,For repair Soft Table
615,1,77.85000000000001,For repair Soft Table
1107,1,31.14,For repair Soft Table
265,1,10.38,For repair Soft Table
1087,1,98.61000000000001,For repair Soft Table
59,1,72.66000000000001,For repair Soft Table
693,1,93.42,For repair Soft Table
124,1,98.61000000000001,For repair Soft Table
1039,1,98.61000000000001,For repair Soft Table
250,1,5.19,For repair Soft Table
64,1,5.19,For repair Soft Table
150,1,88.23,For repair Soft Table
450,1,41.52,For repair Soft Table
942,1,31.14,For repair Soft Table
593,1,67.47,For repair Soft Table
39,1,83.04,For repair Soft Table
596,1,98.61000000000001,For repair Soft Table
46,1,46.71,For repair Soft Table
143,1,72.66000000000001,For repair Soft Table
34,1,25.950000000000003,For repair Soft Table
600,1,72.66000000000001,For repair Soft Table
1024,1,98.61000000000001,For repair Soft Table
584,1,72.66000000000001,For repair Soft Table
296,1,64.82,For repair Fresh Fish
487,1,27.78,For repair Fresh Fish
642,1,101.86,For repair Fresh Fish
505,1,101.86,For repair Fresh Fish
897,1,101.86,For repair Fresh Fish
379,1,92.6,For repair Fresh Fish
128,1,148.16,For repair Fresh Fish
481,1,175.94,For repair Fresh Fish
427,1,111.12,For repair Fresh Fish
86,1,46.3,For repair Fresh Fish
289,1,111.12,For repair Fresh Fish
162,1,27.78,For repair Fresh Fish
1034,1,37.04,For repair Fresh Fish
787,1,166.68,For repair Fresh Fish
948,1,166.68,For repair Fresh Fish
18,1,129.64,For repair Fresh Fish
915,1,157.42,For repair Fresh Fish
452,1,111.12,For repair Fresh Fish
692,1,64.82,For repair Fresh Fish
1075,1,166.68,For repair Fresh Fish
547,1,101.86,For repair Fresh Fish
884,1,45.0,Fantastic Shoes
345,1,42.75,Fantastic Shoes
881,1,29.25,Fantastic Shoes
154,1,2.25,Fantastic Shoes
877,1,20.25,Fantastic Shoes
453,1,9.0,Fantastic Shoes
30,1,40.5,Fantastic Shoes
793,1,38.25,Fantastic Shoes
85,1,2.25,Fantastic Shoes
186,1,4.5,Fantastic Shoes
161,1,24.75,Fantastic Shoes
810,1,6.75,Fantastic Shoes
580,1,45.0,Fantastic Shoes
653,1,22.5,Fantastic Shoes
1082,1,40.5,Fantastic Shoes
661,1,29.25,Fantastic Shoes
273,1,11.25,Fantastic Shoes
977,1,13.5,Fantastic Shoes
142,1,38.25,Fantastic Shoes
37,1,15.75,Fantastic Shoes
202,1,24.75,Fantastic Shoes
995,1,56.699999999999996,Fantastic Sausages
1017,1,81.0,Fantastic Sausages
928,1,153.9,Fantastic Sausages
999,1,24.299999999999997,Fantastic Sausages
1073,1,8.1,Fantastic Sausages
475,1,162.0,Fantastic Sausages
97,1,113.39999999999999,Fantastic Sausages
418,1,153.9,Fantastic Sausages
630,1,72.89999999999999,Fantastic Sausages
686,1,32.4,Fantastic Sausages
723,1,8.1,Fantastic Sausages
804,1,113.39999999999999,Fantastic Sausages
796,1,8.1,Fantastic Sausages
715,1,113.39999999999999,Fantastic Sausages
557,1,16.2,Fantastic Sausages
714,1,89.1,Fantastic Sausages
562,1,113.39999999999999,Fantastic Sausages
244,1,89.1,Fantastic Sausages
242,1,48.599999999999994,Fantastic Sausages
383,1,163.03,Fantastic Fish
561,1,191.8,Fantastic Fish
721,1,143.85,Fantastic Fish
417,1,172.62,Fantastic Fish
968,1,143.85,Fantastic Fish
1060,1,134.26,Fantastic Fish
236,1,76.72,Fantastic Fish
931,1,182.21,Fantastic Fish
1074,1,47.95,Fantastic Fish
1092,1,105.49,Fantastic Fish
699,1,67.13,Fantastic Fish
936,1,153.44,Fantastic Fish
67,1,191.8,Fantastic Fish
84,1,153.44,Fantastic Fish
745,1,105.49,Fantastic Fish
1033,1,143.85,Fantastic Fish
882,1,67.13,Fantastic Fish
359,1,86.31,Fantastic Fish
940,1,53.94,Ergonomic Wooden Soap
519,1,107.88,Ergonomic Wooden Soap
335,1,98.89,Ergonomic Wooden Soap
771,1,116.87,Ergonomic Wooden Soap
19,1,125.86,Ergonomic Wooden Soap
789,1,134.85,Ergonomic Wooden Soap
144,1,116.87,Ergonomic Wooden Soap
451,1,62.93,Ergonomic Wooden Soap
205,1,44.95,Ergonomic Wooden Soap
444,1,53.94,Ergonomic Wooden Soap
1000,1,179.8,Ergonomic Wooden Soap
860,1,152.83,Ergonomic Wooden Soap
101,1,80.91,Ergonomic Wooden Soap
176,1,116.87,Ergonomic Wooden Soap
41,1,107.88,Ergonomic Wooden Soap
717,1,116.87,Ergonomic Wooden Soap
555,1,116.87,Ergonomic Wooden Soap
113,1,125.86,Ergonomic Wooden Soap
709,1,35.96,Ergonomic Wooden Soap
217,1,62.93,Ergonomic Wooden Soap
1098,1,44.95,Ergonomic Wooden Soap
151,1,35.07,Ergonomic Cheese
935,1,5.01,Ergonomic Cheese
984,1,100.19999999999999,Ergonomic Cheese
1022,1,75.14999999999999,Ergonomic Cheese
361,1,75.14999999999999,Ergonomic Cheese
664,1,70.14,Ergonomic Cheese
599,1,70.14,Ergonomic Cheese
628,1,55.11,Ergonomic Cheese
695,1,100.19999999999999,Ergonomic Cheese
243,1,25.049999999999997,Ergonomic Cheese
918,1,50.099999999999994,Ergonomic Cheese
522,1,10.02,Ergonomic Cheese
456,1,45.089999999999996,Ergonomic Cheese
842,1,70.14,Ergonomic Cheese
140,1,95.19,Ergonomic Cheese
553,1,100.19999999999999,Ergonomic Cheese
395,1,5.01,Ergonomic Cheese
460,1,40.08,Ergonomic Cheese
1089,1,60.12,Ergonomic Cheese
167,1,95.19,Ergonomic Cheese
182,1,100.19999999999999,Ergonomic Cheese
963,1,148.35000000000002,Cotton Sausages
736,1,178.02,Cotton Sausages
1065,1,108.79,Cotton Sausages
546,1,69.23,Cotton Sausages
173,1,98.9,Cotton Sausages
965,1,197.8,Cotton Sausages
340,1,118.68,Cotton Sausages
443,1,178.02,Cotton Sausages
985,1,39.56,Cotton Sausages
983,1,108.79,Cotton Sausages
551,1,39.56,Cotton Sausages
870,1,197.8,Cotton Sausages
184,1,187.91000000000003,Cotton Sausages
1037,1,168.13,Cotton Sausages
229,1,118.68,Cotton Sausages
1090,1,197.8,Cotton Sausages
115,1,39.56,Cotton Sausages
863,1,69.23,Cotton Sausages
329,1,9.89,Cotton Sausages
524,1,19.78,Cotton Sausages
374,1,168.13,Cotton Sausages
917,1,128.57,Cotton Sausages
652,1,19.78,Cotton Sausages
806,1,39.56,Cotton Sausages
455,1,138.46,Cotton Sausages
790,1,49.45,Cotton Sausages
590,1,197.8,Cotton Sausages
791,1,59.34,Cotton Sausages
117,1,39.56,Cotton Sausages
177,1,128.57,Cotton Sausages
492,1,83.4,Cotton Bike
25,1,75.06,Cotton Bike
683,1,75.06,Cotton Bike
226,1,25.02,Cotton Bike
6,1,16.68,Cotton Bike
637,1,133.44,Cotton Bike
987,1,100.08,Cotton Bike
1108,1,158.46,Cotton Bike
868,1,116.75999999999999,Cotton Bike
871,1,166.8,Cotton Bike
29,1,50.04,Cotton Bike
689,1,158.46,Cotton Bike
60,1,150.12,Cotton Bike
750,1,91.74,Cotton Bike
247,1,108.42,Cotton Bike
280,1,16.68,Cotton Bike
1086,1,75.06,Cotton Bike
908,1,91.74,Cotton Bike
697,1,83.4,Cotton Bike
129,1,41.7,Cotton Bike
159,1,16.68,Cotton Bike
419,1,16.68,Cotton Bike
613,1,16.68,Cotton Bike
800,1,100.08,Cotton Bike
540,1,66.72,Cotton Bike
1072,1,133.44,Cotton Bike
595,1,26.36,Cotton Ball
1047,1,13.18,Cotton Ball
80,1,26.36,Cotton Ball
742,1,59.31,Cotton Ball
464,1,59.31,Cotton Ball
883,1,131.8,Cotton Ball
482,1,19.77,Cotton Ball
480,1,72.49,Cotton Ball
391,1,79.08,Cotton Ball
373,1,118.62,Cotton Ball
838,1,52.72,Cotton Ball
837,1,79.08,Cotton Ball
234,1,98.85,Cotton Ball
651,1,98.85,Cotton Ball
394,1,32.95,Cotton Ball
781,1,59.31,Cotton Ball
70,1,85.67,Cotton Ball
204,1,59.31,Cotton Ball
276,1,6.59,Cotton Ball
491,1,52.72,Cotton Ball
189,1,52.72,Cotton Ball
238,1,170.39999999999998,Concrete Pants
1053,1,170.39999999999998,Concrete Pants
14,1,136.32,Concrete Pants
16,1,119.28,Concrete Pants
1091,1,51.12,Concrete Pants
358,1,42.599999999999994,Concrete Pants
362,1,110.75999999999999,Concrete Pants
585,1,42.599999999999994,Concrete Pants
52,1,161.88,Concrete Pants
435,1,8.52,Concrete Pants
1013,1,51.12,Concrete Pants
801,1,153.35999999999999,Concrete Pants
145,1,136.32,Concrete Pants
347,1,42.599999999999994,Concrete Pants
313,1,170.39999999999998,Concrete Pants
349,1,102.24,Concrete Pants
476,1,119.28,Concrete Pants
110,1,68.16,Concrete Pants
317,1,85.19999999999999,Concrete Pants
911,1,11.42,Concrete Gloves
533,1,34.26,Concrete Gloves
535,1,91.36,Concrete Gloves
958,1,68.52,Concrete Gloves
662,1,74.23,Concrete Gloves
411,1,28.55,Concrete Gloves
867,1,68.52,Concrete Gloves
1016,1,91.36,Concrete Gloves
488,1,34.26,Concrete Gloves
112,1,5.71,Concrete Gloves
79,1,68.52,Concrete Gloves
138,1,57.1,Concrete Gloves
947,1,8.76,Concrete Cheese
660,1,29.2,Concrete Cheese
933,1,1.46,Concrete Cheese
158,1,20.439999999999998,Concrete Cheese
534,1,14.6,Concrete Cheese
582,1,11.68,Concrete Cheese
764,1,16.06,Concrete Cheese
1085,1,21.9,Concrete Cheese
509,1,14.6,Concrete Cheese
471,1,18.98,Concrete Cheese
1005,1,10.219999999999999,Concrete Cheese
1027,1,18.98,Concrete Cheese
835,1,10.86,Chair
648,1,32.58,Chair
498,1,10.86,Chair
880,1,32.58,Chair
636,1,61.54,Chair
286,1,3.62,Chair
943,1,32.58,Chair
433,1,61.54,Chair
366,1,21.72,Chair
945,1,25.34,Chair
572,1,65.16,Chair
61,1,65.16,Chair
670,1,61.54,Chair
730,1,14.48,Chair
1062,1,65.16,Chair
719,1,65.16,Chair
956,1,54.300000000000004,Chair
578,1,65.16,Chair
724,1,68.78,Chair
305,1,2.4,Bike
178,1,0.12,Bike
645,1,0.48,Bike
640,1,2.04,Bike
997,1,2.4,Bike
991,1,1.56,Bike
1103,1,0.36,Bike
213,1,2.28,Bike
172,1,0.6,Bike
769,1,2.28,Bike
957,1,1.2,Bike
377,1,0.84,Bike
428,1,25.349999999999998,Ball
1008,1,101.39999999999999,Ball
1015,1,126.74999999999999,Ball
352,1,126.74999999999999,Ball
857,1,169.0,Ball
892,1,67.6,Ball
322,1,92.94999999999999,Ball
407,1,76.05,Ball
844,1,126.74999999999999,Ball
122,1,25.349999999999998,Ball
164,1,135.2,Ball
207,1,152.1,Ball
78,1,126.74999999999999,Ball
109,1,33.8,Ball
